{
  "id": "2575994",
  "name": "myMusicPlayer",
  "font_family": "iconfont",
  "css_prefix_text": "icon-",
  "description": "",
  "glyphs": [
    {
      "icon_id": "148874",
      "name": "添加",
      "font_class": "add-fill",
      "unicode": "e616",
      "unicode_decimal": 58902
    },
    {
      "icon_id": "448532",
      "name": "专辑",
      "font_class": "album",
      "unicode": "e6b0",
      "unicode_decimal": 59056
    },
    {
      "icon_id": "1373162",
      "name": "加入歌单",
      "font_class": "add-to-list",
      "unicode": "e642",
      "unicode_decimal": 58946
    },
    {
      "icon_id": "3216089",
      "name": "添加",
      "font_class": "add",
      "unicode": "e71b",
      "unicode_decimal": 59163
    },
    {
      "icon_id": "3521781",
      "name": "网易云音乐",
      "font_class": "netease",
      "unicode": "e600",
      "unicode_decimal": 58880
    },
    {
      "icon_id": "5121527",
      "name": "用户",
      "font_class": "user",
      "unicode": "e64d",
      "unicode_decimal": 58957
    },
    {
      "icon_id": "5651349",
      "name": "爱心",
      "font_class": "favorite",
      "unicode": "e65c",
      "unicode_decimal": 58972
    },
    {
      "icon_id": "7706445",
      "name": "后退",
      "font_class": "back",
      "unicode": "e601",
      "unicode_decimal": 58881
    },
    {
      "icon_id": "8034466",
      "name": "QQ音乐",
      "font_class": "qqmusic",
      "unicode": "eacb",
      "unicode_decimal": 60107
    },
    {
      "icon_id": "8692603",
      "name": "artist",
      "font_class": "artist",
      "unicode": "e75a",
      "unicode_decimal": 59226
    },
    {
      "icon_id": "8953183",
      "name": "search",
      "font_class": "search",
      "unicode": "e831",
      "unicode_decimal": 59441
    },
    {
      "icon_id": "11391498",
      "name": "歌单",
      "font_class": "song-list",
      "unicode": "e636",
      "unicode_decimal": 58934
    },
    {
      "icon_id": "13519572",
      "name": "top",
      "font_class": "top",
      "unicode": "e67f",
      "unicode_decimal": 59007
    },
    {
      "icon_id": "18311262",
      "name": "删 除",
      "font_class": "delete",
      "unicode": "e63c",
      "unicode_decimal": 58940
    },
    {
      "icon_id": "18965598",
      "name": "播放MV",
      "font_class": "mv",
      "unicode": "e6a3",
      "unicode_decimal": 59043
    },
    {
      "icon_id": "20033157",
      "name": "播放",
      "font_class": "play-fill",
      "unicode": "e73d",
      "unicode_decimal": 59197
    },
    {
      "icon_id": "573575",
      "name": "暂停",
      "font_class": "pause",
      "unicode": "e638",
      "unicode_decimal": 58936
    },
    {
      "icon_id": "774423",
      "name": "列表4",
      "font_class": "list",
      "unicode": "e647",
      "unicode_decimal": 58951
    },
    {
      "icon_id": "1159897",
      "name": "单曲播放",
      "font_class": "single",
      "unicode": "e621",
      "unicode_decimal": 58913
    },
    {
      "icon_id": "1159898",
      "name": "随机播放",
      "font_class": "random",
      "unicode": "e622",
      "unicode_decimal": 58914
    },
    {
      "icon_id": "7417084",
      "name": "顺序播放",
      "font_class": "loop",
      "unicode": "e602",
      "unicode_decimal": 58882
    },
    {
      "icon_id": "18176394",
      "name": "音量,关",
      "font_class": "mute",
      "unicode": "ea7d",
      "unicode_decimal": 60029
    },
    {
      "icon_id": "18176399",
      "name": "音量,低",
      "font_class": "sound-min",
      "unicode": "ea7e",
      "unicode_decimal": 60030
    },
    {
      "icon_id": "18176419",
      "name": "音量,高",
      "font_class": "sound-max",
      "unicode": "ea80",
      "unicode_decimal": 60032
    },
    {
      "icon_id": "18272184",
      "name": "播放中",
      "font_class": "play",
      "unicode": "e617",
      "unicode_decimal": 58903
    },
    {
      "icon_id": "18636095",
      "name": "下一曲",
      "font_class": "next",
      "unicode": "e63e",
      "unicode_decimal": 58942
    },
    {
      "icon_id": "18636112",
      "name": "上一曲",
      "font_class": "prev",
      "unicode": "e63f",
      "unicode_decimal": 58943
    }
  ]
}
